communityName,numberOfComments,upVotes,id,hasImage,titleLength,bodyLength,title_sentiment,body_sentiment,Successful_User,Type,MemberCount,Karma
r/Starfield,7,1,t3_16ic20g,0,67,128,-4,2,0,post,620000,0
r/Starfield,2,9,t3_16ic1tw,1,44,136,-1,0,0,post,620000,0
r/Starfield,4,2,t3_16ic18u,0,27,9,-10,0,0,post,620000,0
r/Starfield,2,1,t3_16ic14a,0,28,133,0,-4,0,post,620000,0
r/Starfield,3,1,t3_16ic12t,0,49,172,1,3,0,post,620000,0
r/Starfield,3,3,t3_16ic08n,0,26,144,-5,-19,0,post,620000,0
r/Starfield,11,0,t3_16ic05i,0,26,1050,0,-1,0,post,620000,0
r/Starfield,6,6,t3_16ibz2t,1,65,241,-3,0,0,post,620000,0
r/Starfield,13,5,t3_16ibz25,0,39,1082,0,24,0,post,620000,0
r/Starfield,0,0,t3_16ibz0k,0,28,9,0,0,0,post,620000,0
r/Starfield,6,1,t3_16iby48,0,22,400,-4,1,0,post,620000,0
r/Starfield,12,280,t3_16iby00,1,29,136,1,0,0,post,620000,0
r/Starfield,1,5,t3_16ibxni,1,30,273,-1,0,0,post,620000,0
r/Starfield,1,1,t3_16ibwzo,0,28,222,-1,-1,0,post,620000,0
r/Starfield,30,640,t3_16ibwyp,1,23,241,0,0,0,post,620000,0
r/Starfield,22,5,t3_16ibwwj,0,110,535,2,6,0,post,620000,0
r/Starfield,4,0,t3_16ibwv9,1,31,241,-1,0,0,post,620000,0
r/Starfield,0,5,t3_16ibwpv,0,64,1093,0,6,0,post,620000,0
r/Starfield,12,1,t3_16ibwi1,0,43,9,1,0,0,post,620000,0
r/Starfield,5,1,t3_16ibw42,0,32,213,2,-4,0,post,620000,0
r/Starfield,1,0,t3_16ibvyg,0,29,254,1,6,0,post,620000,0
r/Starfield,9,2,t3_16ibvhm,0,58,877,1,26,0,post,620000,0
r/Starfield,0,1,t3_16ibvh8,0,86,266,4,-11,0,post,620000,0
r/Starfield,3,2,t3_16ibv6i,0,24,278,-4,-6,0,post,620000,0
r/Starfield,6,1,t3_16ibuww,0,57,0,-2,0,0,post,620000,0
r/Starfield,4,4,t3_16ibuu0,1,89,136,-6,0,0,post,620000,0
r/Starfield,2,0,t3_16ibuss,1,60,241,0,0,0,post,620000,0
r/Starfield,0,1,t3_16ibubo,0,70,293,-2,-4,0,post,620000,0
r/Starfield,0,0,t3_16ibtzb,0,44,365,4,7,0,post,620000,0
r/Starfield,8,8,t3_16ibttp,0,44,548,3,-11,0,post,620000,0
r/Starfield,3,1,t3_16ibtpi,0,42,316,0,0,0,post,620000,0
r/Starfield,0,11,t3_16ibtfk,1,29,464,0,6,0,post,620000,0
r/Starfield,8,2,t3_16ibt81,0,45,321,0,12,0,post,620000,0
r/Starfield,6,2,t3_16ibszv,0,54,1265,1,39,0,post,620000,0
r/Starfield,17,11,t3_16ibspe,0,51,1682,-1,6,0,post,620000,0
r/Starfield,2,0,t3_16ibsdu,0,44,363,0,-15,0,post,620000,0
r/Starfield,3,4,t3_16ibsas,1,22,241,6,0,0,post,620000,0
r/Starfield,10,74,t3_16ibsa1,1,40,466,0,6,0,post,620000,0
r/Starfield,4,2,t3_16ibs9o,0,44,356,-5,-9,0,post,620000,0
r/Starfield,2,2,t3_16ibs8t,0,44,587,2,4,0,post,620000,0
r/Starfield,4,3,t3_16ibs8p,0,37,156,2,-3,0,post,620000,0
r/Starfield,23,0,t3_16ibs83,0,42,716,-4,-17,0,post,620000,0
r/Starfield,4,1,t3_16ibrsk,0,37,960,0,18,0,post,620000,0
r/Starfield,0,1,t3_16ibrkn,1,19,241,0,0,0,post,620000,0
r/Starfield,4,1,t3_16ibr98,0,80,155,5,2,0,post,620000,0
r/Starfield,7,1,t3_16ibqsh,0,100,9,0,0,0,post,620000,0
r/Starfield,0,1,t3_16ibqqd,0,26,737,2,-9,0,post,620000,0
r/Starfield,15,0,t3_16ibqmn,0,39,582,0,-7,0,post,620000,0
r/Starfield,2,1,t3_16ibqac,0,65,1102,-5,22,0,post,620000,0
r/Starfield,1,6,t3_16ibq7v,0,25,463,3,9,0,post,620000,0
r/Starfield,9,0,t3_16ibq63,0,31,9,0,0,0,post,620000,0
r/Starfield,6,0,t3_16ibpne,1,43,241,1,0,0,post,620000,0
r/Starfield,0,1,t3_16ibpib,0,25,575,1,0,0,post,620000,0
r/Starfield,4,1,t3_16ibpg8,0,30,170,1,9,0,post,620000,0
r/Starfield,1,0,t3_16ibpdw,0,55,180,3,0,0,post,620000,0
r/Starfield,0,2,t3_16ibovm,1,39,314,2,0,0,post,620000,0
r/Starfield,4,49,t3_16ibok8,1,56,241,-6,0,0,post,620000,0
r/Starfield,0,4,t3_16ibnz7,1,51,136,4,0,0,post,620000,0
r/Starfield,4,0,t3_16iblz1,1,93,292,0,0,0,post,620000,0
r/Starfield,2,0,t3_16iblvt,1,42,60,0,-4,0,post,620000,0
r/Starfield,3,1,t3_16ibltn,1,17,241,0,0,0,post,620000,0
r/Starfield,3,2,t3_16iblrv,0,76,253,-2,7,0,post,620000,0
r/Starfield,1,1,t3_16iblmx,0,30,288,0,9,0,post,620000,0
r/Starfield,0,1,t3_16iblj9,1,77,241,0,0,0,post,620000,0
r/Starfield,0,2,t3_16ibl8w,0,41,1245,2,-3,0,post,620000,0
r/Starfield,2,1,t3_16ibl1d,0,50,806,3,1,0,post,620000,0
r/Starfield,3,1,t3_16ibksi,0,31,448,1,7,0,post,620000,0
r/Starfield,1,24,t3_16ibkeo,1,18,241,1,0,0,post,620000,0
r/Starfield,221,442,t3_16ibjgu,1,44,236,-3,-2,0,post,620000,0
r/Starfield,2,1,t3_16ibj8d,0,49,235,4,-4,0,post,620000,0
r/Starfield,1,1,t3_16ibixn,0,74,355,2,-6,0,post,620000,0
r/Starfield,1,0,t3_16ibivc,0,43,289,-1,5,0,post,620000,0
r/Starfield,0,1,t3_16ibity,0,29,139,1,0,0,post,620000,0
r/Starfield,1,1,t3_16ibii7,1,22,168,7,-2,0,post,620000,0
r/Starfield,14,24,t3_16ibi2w,1,36,241,6,0,0,post,620000,0
r/Starfield,7,2,t3_16ibhv8,0,98,829,-2,3,0,post,620000,0
r/Starfield,0,1,t3_16ibhhc,0,28,188,5,-4,0,post,620000,0
r/Starfield,0,1,t3_16ibgtv,0,76,42,0,0,0,post,620000,0
r/Starfield,0,5,t3_16ibgp2,1,25,241,0,0,0,post,620000,0
r/Starfield,5,1,t3_16ibghf,1,80,168,5,-2,0,post,620000,0
r/Starfield,2,4,t3_16ibf9x,0,37,525,-1,6,0,post,620000,0
r/Starfield,2,5,t3_16ibejo,1,31,136,-4,0,0,post,620000,0
r/Starfield,1,2,t3_16ibei4,0,21,251,-2,10,0,post,620000,0
r/Starfield,0,2,t3_16ibe1s,0,76,9,-2,0,0,post,620000,0
r/Starfield,1,3,t3_16ibdu8,0,29,207,-2,1,0,post,620000,0
r/Starfield,0,1,t3_16ibdrh,0,24,294,3,10,0,post,620000,0
r/Starfield,4,2,t3_16ibdir,0,27,109,0,-5,0,post,620000,0
r/Starfield,2,2,t3_16ibd5y,0,137,172,-6,6,0,post,620000,0
r/Starfield,0,1,t3_16ibd4s,0,43,404,0,-2,0,post,620000,0
r/Starfield,0,2,t3_16ibc73,0,29,430,3,-2,0,post,620000,0
r/Starfield,2,2,t3_16ibc3v,0,44,452,1,-3,0,post,620000,0
r/Starfield,5,31,t3_16ibc0d,1,59,136,-5,0,0,post,620000,0
r/Starfield,1,0,t3_16ibbqp,0,64,221,-3,-1,0,post,620000,0
r/Starfield,1,1,t3_16ibakx,0,44,243,0,2,0,post,620000,0
r/Starfield,6,2,t3_16iba8n,0,34,311,4,6,0,post,620000,0
r/Starfield,8,2,t3_16ib9xq,0,32,910,3,17,0,post,620000,0
r/Starfield,3,41,t3_16ib9wn,1,132,136,4,0,0,post,620000,0
r/Starfield,2,7,t3_16ib9g7,1,76,464,-8,6,0,post,620000,0
r/Starfield,1,2,t3_16ib9b9,0,32,184,0,-2,0,post,620000,0
r/Starfield,0,2,t3_16ib90n,0,49,411,6,35,0,post,620000,0
r/Starfield,4,2,t3_16ib8qj,1,131,168,3,-2,0,post,620000,0
r/Starfield,4,1,t3_16ib8n1,0,93,306,4,-8,0,post,620000,0
r/Starfield,7,2,t3_16ib8lv,0,50,9,0,0,0,post,620000,0
r/Starfield,1,1,t3_16ib890,0,19,78,0,2,0,post,620000,0
r/Starfield,21,0,t3_16ib6vt,0,101,252,8,-4,0,post,620000,0
r/Starfield,1,30,t3_16ib5jk,1,17,241,0,0,0,post,620000,0
r/Starfield,2,10,t3_16ib5ei,1,34,241,0,0,0,post,620000,0
r/Starfield,2,6,t3_16ib5dc,1,24,241,0,0,0,post,620000,0
r/Starfield,2,0,t3_16ib4y6,0,48,2936,-5,5,0,post,620000,0
r/Starfield,0,1,t3_16ib4os,0,35,385,2,22,0,post,620000,0
r/Starfield,5,0,t3_16ib4n6,1,61,60,-3,-4,0,post,620000,0
r/Starfield,2,1,t3_16ib48p,0,135,168,-1,-2,0,post,620000,0
r/Starfield,2,5,t3_16ib3uf,1,39,136,0,0,0,post,620000,0
r/Starfield,2,17,t3_16ib3t0,1,24,464,0,6,0,post,620000,0
r/Starfield,3,44,t3_16ib3m1,1,82,136,0,0,0,post,620000,0
r/Starfield,0,2,t3_16ib34y,0,36,98,5,-1,0,post,620000,0
r/Starfield,8,0,t3_16ib2co,0,60,636,1,28,0,post,620000,0
r/Starfield,8,1,t3_16ib23n,0,29,588,0,-31,0,post,620000,0
r/Starfield,0,0,t3_16ib1rr,1,48,293,1,0,0,post,620000,0
r/Starfield,2,1,t3_16ib1rl,0,25,157,-5,-15,0,post,620000,0
r/Starfield,4,2,t3_16ib16i,1,79,241,0,0,0,post,620000,0
r/Starfield,8,2,t3_16ib0p7,1,61,136,-2,0,0,post,620000,0
r/Starfield,4,1,t3_16ib0m6,0,56,224,-7,-7,0,post,620000,0
r/Starfield,9,2,t3_16ib07y,1,17,219,0,-2,0,post,620000,0
r/Starfield,0,3,t3_16ib03j,0,94,225,11,-2,0,post,620000,0
r/Starfield,1,1,t3_16iazj0,1,92,19,12,-84,0,post,620000,0
r/Starfield,8,3,t3_16iazgm,0,23,3204,0,41,0,post,620000,0
r/Starfield,0,1,t3_16iayus,0,65,232,0,-1,0,post,620000,0
r/Starfield,1,1,t3_16iayqm,0,26,278,0,6,0,post,620000,0
r/Starfield,0,1,t3_16iaye5,0,28,9,-4,0,0,post,620000,0
r/Starfield,0,1,t3_16iay5t,0,44,125,0,-10,0,post,620000,0
r/Starfield,1,9,t3_16iay3o,1,31,241,0,0,0,post,620000,0
r/Starfield,2,0,t3_16iaxuk,1,19,241,1,0,0,post,620000,0
r/Starfield,2,1,t3_16iaxf0,0,50,281,-2,-8,0,post,620000,0
r/Starfield,5,19,t3_16iax88,1,28,241,0,0,0,post,620000,0
r/Starfield,10,1,t3_16iax67,1,62,241,1,0,0,post,620000,0
r/Starfield,3,4,t3_16iawxu,1,37,136,2,0,0,post,620000,0
r/Starfield,0,3,t3_16iawta,0,91,1920,2,-6,0,post,620000,0
r/Starfield,0,1,t3_16iawkx,0,41,142,4,0,0,post,620000,0
r/Starfield,8,0,t3_16iawen,0,103,469,-4,20,0,post,620000,0
r/Starfield,18,141,t3_16iaw5v,1,30,136,0,0,0,post,620000,0
r/Starfield,2,1,t3_16iaw0z,1,35,168,1,-2,0,post,620000,0
r/Starfield,5,6,t3_16iaw0b,0,54,9,-3,0,0,post,620000,0
r/Starfield,11,3,t3_16iavos,0,37,1493,0,47,0,post,620000,0
r/Starfield,10,35,t3_16iavkh,1,48,136,-4,0,0,post,620000,0
r/Starfield,18,0,t3_16iaubn,0,147,909,-6,-14,0,post,620000,0
r/Starfield,5,3,t3_16iaube,1,66,241,1,0,0,post,620000,0
r/Starfield,3,0,t3_16iauaq,1,40,19,0,-84,0,post,620000,0
r/Starfield,0,2,t3_16iau5p,0,71,9,3,0,0,post,620000,0
r/Starfield,6,3,t3_16iatb2,0,39,415,-3,-10,0,post,620000,0
r/Starfield,2,1,t3_16iat26,0,24,215,0,5,0,post,620000,0
r/Starfield,1,0,t3_16iaswi,1,53,63,2,-2,0,post,620000,0
r/Starfield,2,2,t3_16iasqy,0,72,901,-4,20,0,post,620000,0
r/Starfield,3,5,t3_16iasll,0,76,1642,2,10,0,post,620000,0
r/Starfield,2,0,t3_16ias8i,0,28,211,1,-9,0,post,620000,0
r/Starfield,4,2,t3_16ias2a,0,118,283,-3,-7,0,post,620000,0
r/Starfield,2,1,t3_16iarz7,0,30,152,0,0,0,post,620000,0
r/Starfield,0,3,t3_16iarno,1,68,136,1,0,0,post,620000,0
r/Starfield,4,86,t3_16iare2,1,48,60,0,-4,0,post,620000,0
r/Starfield,2,2,t3_16iar9v,0,88,0,10,0,0,post,620000,0
r/Starfield,189,1225,t3_16iaq91,1,115,241,-5,0,0,post,620000,0
r/Starfield,6,5,t3_16iaq5e,1,43,464,-4,6,0,post,620000,0
r/Starfield,11,1,t3_16iapyc,0,33,204,2,11,0,post,620000,0
r/Starfield,0,3,t3_16iapvv,0,24,175,1,3,0,post,620000,0
r/Starfield,1,3,t3_16iapso,1,24,19,4,-84,0,post,620000,0
r/Starfield,0,2,t3_16iapkb,1,28,241,-8,0,0,post,620000,0
r/Starfield,2,2,t3_16iaoux,0,67,420,4,4,1,post,620000,0
r/Starfield,6,2,t3_16iao3t,1,38,464,2,6,0,post,620000,0
r/Starfield,2,5,t3_16ianre,0,37,176,6,6,0,post,620000,0
r/Starfield,11,0,t3_16ianj1,1,28,241,-5,0,0,post,620000,0
r/Starfield,0,1,t3_16ian77,0,53,1002,0,6,0,post,620000,0
r/Starfield,4,1,t3_16iamwq,0,110,11,1,3,0,post,620000,0
r/Starfield,0,4,t3_16iamu9,1,35,63,-1,-2,0,post,620000,0
r/Starfield,14,8,t3_16iamjh,0,109,450,0,9,0,post,620000,0
r/Starfield,10,0,t3_16ialz9,0,35,65,0,1,0,post,620000,0
r/Starfield,9,0,t3_16ialy2,1,149,241,1,0,0,post,620000,0
r/Starfield,11,1,t3_16ialqn,1,132,241,-7,0,0,post,620000,0
r/Starfield,0,1,t3_16ialnz,1,51,241,-3,0,0,post,620000,0
r/Starfield,17,1,t3_16ialnf,0,30,961,0,-35,0,post,620000,0
r/Starfield,0,1,t3_16ialmd,0,28,724,0,18,0,post,620000,0
r/Starfield,0,1,t3_16iallu,0,34,1511,-4,-90,0,post,620000,0
r/Starfield,0,1,t3_16iallb,0,25,133,-2,2,0,post,620000,0
r/Starfield,11,1,t3_16iakxq,0,78,612,-2,3,0,post,620000,0
r/Starfield,5,1,t3_16iakxo,0,73,1652,-1,20,0,post,620000,0
r/Starfield,0,1,t3_16iak6s,1,137,136,0,0,0,post,620000,0
r/Starfield,2,1,t3_16iak65,0,30,245,-2,-3,0,post,620000,0
r/Starfield,0,6,t3_16iak3f,1,46,136,2,0,0,post,620000,0
r/Starfield,0,3,t3_16iajye,1,38,63,0,-2,0,post,620000,0
r/Starfield,2,2,t3_16iajnp,1,65,60,1,-4,0,post,620000,0
r/Starfield,6,0,t3_16iaj4y,0,42,336,-3,8,0,post,620000,0
r/Starfield,0,1,t3_16iaj16,1,73,241,-1,0,0,post,620000,0
r/Starfield,3,3,t3_16iaivh,1,59,241,2,0,0,post,620000,0
r/Starfield,1,1,t3_16iaima,1,55,136,5,0,0,post,620000,0
r/Starfield,5,2,t3_16iaikb,0,25,501,1,10,0,post,620000,0
r/Starfield,0,1,t3_16iaig9,0,35,234,0,-8,0,post,620000,0
r/Starfield,1,0,t3_16iaig3,1,17,241,0,0,0,post,620000,0
r/Starfield,1,3,t3_16iai69,0,28,209,0,10,0,post,620000,0
r/Starfield,74,1132,t3_16iahzi,1,18,136,0,0,0,post,620000,0
r/Starfield,0,1,t3_16iahoj,0,24,127,0,3,0,post,620000,0
r/Starfield,0,1,t3_16iahn1,1,20,19,0,-84,0,post,620000,0
r/Starfield,0,2,t3_16iah5m,0,53,359,0,-13,0,post,620000,0
r/Starfield,11,2,t3_16iagtn,0,24,206,1,4,0,post,620000,0
r/Starfield,2,2,t3_16iagsq,0,27,69,0,0,0,post,620000,0
r/Starfield,1,3,t3_16iagbh,1,47,241,-1,0,0,post,620000,0
r/Starfield,3,1,t3_16iaga1,0,46,96,0,-4,0,post,620000,0
r/Starfield,1,1,t3_16iag66,1,75,136,-7,0,0,post,620000,0
r/Starfield,3,1,t3_16iafqq,0,25,545,2,7,0,post,620000,0
r/Starfield,13,4,t3_16iafew,0,51,763,1,19,0,post,620000,0
r/Starfield,3,1,t3_16iafcs,1,96,136,5,0,0,post,620000,0
r/Starfield,7,3,t3_16iafbk,1,81,19,-4,-84,0,post,620000,0
r/Starfield,0,1,t3_16iaf38,1,60,466,-1,6,0,post,620000,0
r/Starfield,0,3,t3_16iaeup,0,69,68,0,1,0,post,620000,0
r/Starfield,4,1,t3_16iaetb,0,66,321,4,-4,0,post,620000,0
r/Starfield,3,1,t3_16iaelp,0,20,287,1,-1,0,post,620000,0
r/Starfield,1,4,t3_16iae4e,1,32,233,-4,0,0,post,620000,0
r/Starfield,11,1,t3_16iadto,0,48,174,1,5,0,post,620000,0
r/Starfield,12,1,t3_16iadq4,1,19,241,0,0,0,post,620000,0
r/Starfield,11,0,t3_16iadph,0,17,947,-8,-50,0,post,620000,0
r/Starfield,2,1,t3_16iadjp,0,19,816,0,11,0,post,620000,0
r/Starfield,0,1,t3_16iadjk,1,24,303,1,0,0,post,620000,0
r/Starfield,2,1,t3_16iad1v,0,24,505,-1,-11,0,post,620000,0
r/Starfield,3,3,t3_16iacvb,0,51,856,2,-7,0,post,620000,0
r/Starfield,0,2,t3_16iac2a,1,27,292,0,0,0,post,620000,0
r/Starfield,4,2,t3_16iabsv,0,63,76,0,5,0,post,620000,0
r/Starfield,0,1,t3_16iab51,1,74,168,2,-2,0,post,620000,0
r/Starfield,4,4,t3_16iab2u,1,36,241,0,0,0,post,620000,0
r/Starfield,3,0,t3_16iaamz,0,53,1374,0,40,0,post,620000,0
r/Starfield,2,4,t3_16iaaiy,1,49,464,6,6,0,post,620000,0
r/Starfield,0,1,t3_16iaag5,0,37,714,0,-16,0,post,620000,0
r/Starfield,2,0,t3_16iaacb,1,73,241,0,0,0,post,620000,0
r/Starfield,1,1,t3_16ia9zb,1,26,168,7,-2,0,post,620000,0
r/Starfield,0,1,t3_16ia9q8,0,29,736,0,-25,0,post,620000,0
r/Starfield,1,0,t3_16ia9lg,1,29,168,2,-2,0,post,620000,0
r/Starfield,57,36,t3_16ia95v,0,61,805,2,17,0,post,620000,0
r/Starfield,0,1,t3_16ia93n,0,57,1328,0,24,0,post,620000,0
r/Starfield,23,83,t3_16ia92b,1,34,464,0,6,0,post,620000,0
r/Starfield,3,1,t3_16ia8tb,0,45,79,0,-2,0,post,620000,0
r/Starfield,1,2,t3_16ia8ki,0,98,251,1,12,0,post,620000,0
r/Starfield,0,1,t3_16ia8kg,0,19,780,0,20,0,post,620000,0
r/Starfield,3,2,t3_16ia8g0,0,23,100,-1,1,0,post,620000,0
r/Starfield,1,6,t3_16ia8bf,0,92,2003,6,14,0,post,620000,0
r/Starfield,0,2,t3_16ia7zi,1,43,241,2,0,0,post,620000,0
r/Starfield,2,0,t3_16ia6t4,0,44,0,-1,0,0,post,620000,0
r/Starfield,1,2,t3_16ia6io,0,17,9,2,0,0,post,620000,0
r/Starfield,2,1,t3_16ia679,0,37,883,0,16,0,post,620000,0
r/Starfield,1,1,t3_16ia61a,0,17,301,3,-6,0,post,620000,0
r/Starfield,5,1,t3_16ia606,1,60,168,0,-2,0,post,620000,0
r/Starfield,7,2,t3_16ia5b4,0,44,6,1,2,0,post,620000,0
r/Starfield,2,1,t3_16ia59z,0,24,442,1,-2,0,post,620000,0
r/Starfield,2,1,t3_16ia4wz,0,19,739,0,16,0,post,620000,0
r/Starfield,1,1,t3_16ia4qu,0,57,792,-1,0,0,post,620000,0
r/Starfield,2,1,t3_16ia4e3,0,23,417,-4,9,0,post,620000,0
r/Starfield,3,1,t3_16ia4da,0,22,309,0,3,0,post,620000,0
r/Starfield,2,1,t3_16ia4bt,0,22,237,0,4,0,post,620000,0
r/Starfield,2,2,t3_16ia3re,0,35,1165,5,-44,0,post,620000,0
r/Starfield,121,417,t3_16ia2uw,0,93,5,-3,0,1,post,620000,0
r/Starfield,3,0,t3_16ia264,0,65,174,-7,-6,0,post,620000,0
r/Starfield,5,1,t3_16ia172,0,70,0,2,0,0,post,620000,0
r/Starfield,2,0,t3_16ia0wy,0,102,1025,-4,-14,0,post,620000,0
r/Starfield,0,1,t3_16ia0p6,0,73,3261,3,54,0,post,620000,0
r/Starfield,0,2,t3_16ia0c9,0,26,0,-1,0,0,post,620000,0
r/Starfield,2,5,t3_16ia01g,0,35,575,9,23,0,post,620000,0
r/Starfield,11,1,t3_16i9zrq,0,64,359,1,12,0,post,620000,0
r/Starfield,10,329,t3_16i9zj9,1,23,241,1,0,0,post,620000,0
r/Starfield,0,0,t3_16i9yqq,0,33,303,0,0,0,post,620000,0
r/Starfield,0,1,t3_16i9ypm,1,89,241,11,0,0,post,620000,0
r/Starfield,2,3,t3_16i9ynk,1,30,241,-2,0,0,post,620000,0
r/Starfield,4,1,t3_16i9ylt,1,33,464,0,6,0,post,620000,0
r/Starfield,3,1,t3_16i9ylr,0,26,192,2,0,0,post,620000,0
r/Starfield,0,0,t3_16i9yka,1,37,292,6,0,0,post,620000,0
r/Starfield,3,1,t3_16i9yco,1,70,165,-1,0,0,post,620000,0
r/Starfield,10,0,t3_16i9xm5,0,19,470,2,10,0,post,620000,0
r/Starfield,1,2,t3_16i9xkf,0,40,121,-2,-2,0,post,620000,0
r/Starfield,4,1,t3_16i9xfh,0,25,858,-1,4,0,post,620000,0
r/Starfield,0,3,t3_16i9wma,0,34,688,5,10,0,post,620000,0
r/Starfield,2,2,t3_16i9vwb,0,26,590,0,-6,0,post,620000,0
r/Starfield,0,3,t3_16i9vmm,1,35,19,0,-84,0,post,620000,0
r/Starfield,5,1,t3_16i9vgz,1,36,136,0,0,0,post,620000,0
r/Starfield,4,3,t3_16i9vfz,0,58,2669,-4,27,0,post,620000,0
r/Starfield,3,1,t3_16i9uu2,0,56,461,-4,2,0,post,620000,0
r/Starfield,11,3,t3_16i9usj,1,43,168,-3,-2,0,post,620000,0
r/Starfield,44,7,t3_16i9uhf,0,27,1116,3,15,0,post,620000,0
r/Starfield,0,1,t3_16i9u1d,0,44,594,3,18,0,post,620000,0
r/Starfield,1,9,t3_16i9tgz,1,82,191,4,0,0,post,620000,0
r/Starfield,2,0,t3_16i9t0u,0,78,1257,-4,-11,0,post,620000,0
r/Starfield,0,1,t3_16i9smu,1,33,464,0,6,0,post,620000,0
r/Starfield,6,1,t3_16i9sgf,0,34,395,-9,-5,0,post,620000,0
r/Starfield,5,1,t3_16i9s67,0,31,378,0,19,0,post,620000,0
r/Starfield,4,0,t3_16i9rz6,1,74,241,1,0,0,post,620000,0
r/Starfield,4,10,t3_16i9q8l,1,45,292,-1,0,0,post,620000,0
r/Starfield,10,1,t3_16i9pue,0,87,234,-2,3,0,post,620000,0
r/Starfield,1,2,t3_16i9pp1,0,39,382,-6,-16,0,post,620000,0
r/Starfield,7,1,t3_16i9p2f,0,55,59,8,2,0,post,620000,0
r/Starfield,21,2,t3_16i9om9,0,91,0,4,0,0,post,620000,0
r/Starfield,2,3,t3_16i9ocn,0,21,392,4,14,0,post,620000,0
r/Starfield,0,2,t3_16i9oa9,0,28,303,-3,0,0,post,620000,0
r/Starfield,0,4,t3_16i9o8s,1,29,136,0,0,0,post,620000,0
r/Starfield,2,2,t3_16i9o5l,0,27,45,3,12,0,post,620000,0
r/Starfield,1,1,t3_16i9nu6,0,19,141,0,1,0,post,620000,0
r/Starfield,0,1,t3_16i9np3,0,49,212,6,12,0,post,620000,0
r/Starfield,0,6,t3_16i9ndy,0,40,346,3,13,0,post,620000,0
r/Starfield,55,961,t3_16i9naq,1,85,136,0,0,0,post,620000,0
r/Starfield,1,4,t3_16i9n4u,1,32,136,0,0,0,post,620000,0
r/Starfield,4,6,t3_16i9mww,0,83,630,-2,16,0,post,620000,0
r/Starfield,2,0,t3_16i9mov,0,92,730,-1,-4,0,post,620000,0
r/Starfield,2,3,t3_16i9mo4,0,30,5,0,2,0,post,620000,0
r/Starfield,2,1,t3_16i9mo1,0,38,402,0,1,0,post,620000,0
r/Starfield,5,33,t3_16i9me4,1,54,136,1,0,0,post,620000,0
r/Starfield,1,4,t3_16i9m9g,1,26,241,3,0,0,post,620000,0
r/Starfield,8,6,t3_16i9m6m,0,105,315,-6,12,0,post,620000,0
r/Starfield,1,9,t3_16i9m5k,1,22,136,4,0,0,post,620000,0
r/Starfield,22,0,t3_16i9lo4,0,17,384,-3,-8,0,post,620000,0
r/Starfield,1,2,t3_16i9lf4,1,18,136,0,0,0,post,620000,0
r/Starfield,0,0,t3_16i9ley,1,68,284,0,0,0,post,620000,0
r/Starfield,1,1,t3_16i9l9c,0,95,60,6,12,0,post,620000,0
r/Starfield,1,2,t3_16i9kym,0,38,269,0,-1,0,post,620000,0
r/Starfield,3,1,t3_16i9kya,0,69,679,13,9,0,post,620000,0
r/Starfield,0,1,t3_16i9ks7,0,53,674,-2,9,0,post,620000,0
r/Starfield,1,1,t3_16i9k7c,1,51,19,3,-84,0,post,620000,0
r/Starfield,17,89,t3_16i9juy,1,45,292,3,0,0,post,620000,0
r/Starfield,2,4,t3_16i9jo0,0,51,60,-2,0,0,post,620000,0
r/Starfield,2,3,t3_16i9jmt,0,33,662,0,0,0,post,620000,0
r/Starfield,3,2,t3_16i9jc4,0,71,669,4,20,0,post,620000,0
r/Starfield,0,1,t3_16i9ja0,1,76,136,1,0,0,post,620000,0
r/Starfield,2,1,t3_16i9j97,0,50,370,-5,1,0,post,620000,0
r/Starfield,3,0,t3_16i9j59,0,76,375,-4,7,0,post,620000,0
r/Starfield,4,1,t3_16i9j41,0,82,0,-4,0,0,post,620000,0
r/Starfield,2,1,t3_16i9j13,0,43,505,0,7,0,post,620000,0
r/Starfield,3,1,t3_16i9im6,0,69,281,0,-7,0,post,620000,0
r/Starfield,2,3,t3_16i9h1p,1,75,241,-7,0,0,post,620000,0
r/Starfield,0,4,t3_16i9gzj,1,21,63,2,-2,0,post,620000,0
r/Starfield,16,0,t3_16i9gwn,1,95,303,-2,1,0,post,620000,0
r/Starfield,3,13,t3_16i9gle,1,43,241,7,0,0,post,620000,0
r/Starfield,3,2,t3_16i9gen,1,111,168,3,-2,0,post,620000,0
r/Starfield,3,0,t3_16i9g6h,0,149,512,3,-4,0,post,620000,0
r/Starfield,3,5,t3_16i9g3g,1,45,241,-2,0,0,post,620000,0
r/Starfield,0,1,t3_16i9fyd,0,88,176,8,10,0,post,620000,0
r/Starfield,0,3,t3_16i9fbu,1,67,241,5,0,0,post,620000,0
r/Starfield,6,1,t3_16i9f7x,0,28,87,5,4,0,post,620000,0
r/Starfield,0,4,t3_16i9f46,1,58,464,3,6,0,post,620000,0
r/Starfield,0,2,t3_16i9f3y,0,24,165,5,-2,0,post,620000,0
r/Starfield,0,2,t3_16i9f1g,0,31,721,0,9,0,post,620000,0
r/Starfield,5,4,t3_16i9evy,0,57,222,-13,-1,0,post,620000,0
r/Starfield,0,2,t3_16i9erx,1,38,219,0,-2,0,post,620000,0
r/Starfield,3,1,t3_16i9eij,0,39,441,0,-11,0,post,620000,0
r/Starfield,5,4,t3_16i9eai,0,50,735,4,-11,0,post,620000,0
r/Starfield,3,9,t3_16i9dtz,1,87,241,5,0,0,post,620000,0
r/Starfield,0,1,t3_16i9dlx,0,48,9,2,0,0,post,620000,0
r/Starfield,14,11,t3_16i9cwt,1,98,136,4,0,0,post,620000,0
r/Starfield,3,5,t3_16i9cmt,1,98,136,5,0,0,post,620000,0
r/Starfield,14,15,t3_16i9baa,1,52,288,2,2,0,post,620000,0
r/Starfield,5,5,t3_16i9b4v,0,27,758,-3,7,0,post,620000,0
r/Starfield,0,8,t3_16i9az2,1,98,168,2,-2,0,post,620000,0
r/Starfield,0,1,t3_16i9ay3,0,47,320,1,1,0,post,620000,0
r/Starfield,5,6,t3_16i9an2,0,75,659,-20,-3,0,post,620000,0
r/Starfield,0,3,t3_16i9agf,0,60,1374,1,32,0,post,620000,0
r/Starfield,7,34,t3_16i9a8u,1,25,241,5,0,1,post,620000,0
r/Starfield,382,6640,t3_16i9a6i,1,25,241,0,0,0,post,620000,0
r/Starfield,5,1,t3_16i9a2n,0,86,140,-3,5,0,post,620000,0
r/Starfield,0,4,t3_16i99ui,1,35,464,0,6,0,post,620000,0
r/Starfield,1,1,t3_16i99qe,0,74,9,0,0,0,post,620000,0
r/Starfield,7,9,t3_16i99kr,1,46,241,-2,0,0,post,620000,0
r/Starfield,7,3,t3_16i99if,0,36,49,0,1,0,post,620000,0
r/Starfield,0,1,t3_16i999v,1,124,241,-6,0,0,post,620000,0
r/Starfield,6,3,t3_16i991w,0,26,531,1,4,0,post,620000,0
r/Starfield,1,2,t3_16i98oa,1,49,464,0,6,0,post,620000,0
r/Starfield,37,40,t3_16i98b1,0,58,870,-7,28,0,post,620000,0
r/Starfield,0,2,t3_16i984j,1,50,241,2,0,0,post,620000,0
r/Starfield,0,2,t3_16i97zn,1,59,241,0,0,0,post,620000,0
r/Starfield,4,8,t3_16i97y1,0,25,277,3,4,1,post,620000,0
r/Starfield,5,19,t3_16i97s6,1,41,464,0,6,0,post,620000,0
r/Starfield,3,1,t3_16i97pf,1,23,168,-3,-2,0,post,620000,0
r/Starfield,4,126,t3_16i97kj,1,36,241,3,0,0,post,620000,0
r/Starfield,11,3,t3_16i97jw,0,21,1002,-5,6,0,post,620000,0
r/Starfield,0,1,t3_16i97gl,0,63,268,-4,-5,0,post,620000,0
r/Starfield,3,1,t3_16i977b,0,46,210,-8,8,0,post,620000,0
r/Starfield,2,2,t3_16i966e,0,71,207,0,-13,0,post,620000,0
r/Starfield,2,2,t3_16i95wn,0,40,465,-6,14,0,post,620000,0
r/Starfield,5,2,t3_16i95wb,0,85,247,-1,8,0,post,620000,0
r/Starfield,14,114,t3_16i95vd,1,67,136,2,0,0,post,620000,0
r/Starfield,1,6,t3_16i95rb,1,59,19,2,-84,0,post,620000,0
r/Starfield,2,1,t3_16i95e4,0,24,463,0,-18,0,post,620000,0
r/Starfield,4,24,t3_16i958z,1,83,136,-6,0,0,post,620000,0
r/Starfield,0,6,t3_16i958q,1,54,241,-2,0,0,post,620000,0
r/Starfield,0,1,t3_16i9556,0,34,303,-4,7,0,post,620000,0
r/Starfield,0,0,t3_16i954u,1,36,235,-3,-3,0,post,620000,0
r/Starfield,2,1,t3_16i954t,0,18,100,0,-3,0,post,620000,0
r/Starfield,1,3,t3_16i945i,1,38,241,0,0,0,post,620000,0
r/Starfield,3,3,t3_16i9410,0,21,363,0,0,0,post,620000,0
r/Starfield,10,0,t3_16i93sw,0,119,289,-3,7,0,post,620000,0
r/Starfield,3,2,t3_16i93ov,1,37,241,-3,0,0,post,620000,0
r/Starfield,0,1,t3_16i93m4,0,62,246,0,0,0,post,620000,0
r/Starfield,1,7,t3_16i93k9,0,23,593,5,3,0,post,620000,0
r/Starfield,2,0,t3_16i93gg,0,23,419,3,0,0,post,620000,0
r/Starfield,8,0,t3_16i934j,0,40,135,-6,6,0,post,620000,0
r/Starfield,1,2,t3_16i933o,1,40,241,-4,0,0,post,620000,0
r/Starfield,4,1,t3_16i92hy,0,81,343,-6,-5,1,post,620000,0
r/Starfield,3,1,t3_16i92hb,0,37,127,1,1,0,post,620000,0
r/Starfield,0,1,t3_16i92g9,1,33,241,-3,0,0,post,620000,0
r/Starfield,3,3,t3_16i92ek,0,76,342,5,4,0,post,620000,0
r/Starfield,0,5,t3_16i92b2,0,32,764,-1,8,0,post,620000,0
r/Starfield,6,1,t3_16i9295,0,61,92,0,0,0,post,620000,0
r/Starfield,3,7,t3_16i927b,1,24,464,-2,6,0,post,620000,0
r/Starfield,0,1,t3_16i9247,0,35,639,0,34,0,post,620000,0
r/Starfield,1,1,t3_16i9209,0,55,114,3,2,0,post,620000,0
r/Starfield,0,8,t3_16i91u1,0,33,1785,0,17,0,post,620000,0
r/Starfield,2,2,t3_16i91mt,0,17,197,2,7,0,post,620000,0
r/Starfield,3,3,t3_16i91ge,0,29,1399,0,23,0,post,620000,0
r/Starfield,4,15,t3_16i91e9,1,98,292,5,0,0,post,620000,0
r/Starfield,2,2,t3_16i91d9,1,41,241,0,0,0,post,620000,0
r/Starfield,3,3,t3_16i90y7,1,27,241,0,0,0,post,620000,0
r/Starfield,2,4,t3_16i90bz,1,35,464,-2,6,0,post,620000,0
r/Starfield,1,3,t3_16i8zol,1,100,464,-3,6,0,post,620000,0
r/Starfield,2,2,t3_16i8zk9,0,34,104,1,2,0,post,620000,0
r/Starfield,3,3,t3_16i8zjd,0,48,331,0,5,0,post,620000,0
r/Starfield,0,2,t3_16i8zio,1,38,136,0,0,0,post,620000,0
r/Starfield,2,4,t3_16i8zh2,0,42,278,-4,-6,0,post,620000,0
r/Starfield,6,1,t3_16i8zgn,0,33,0,3,0,0,post,620000,0
r/Starfield,0,0,t3_16i8zg7,0,25,2001,0,34,0,post,620000,0
r/Starfield,1,1,t3_16i8zg3,1,22,241,-4,0,0,post,620000,0
r/Starfield,5,4,t3_16i8zd4,0,26,141,0,0,0,post,620000,0
r/Starfield,3,2,t3_16i8z0d,1,114,168,1,-2,0,post,620000,0
r/Starfield,9,1,t3_16i8yxv,0,56,531,0,8,0,post,620000,0
r/Starfield,2,5,t3_16i8ymh,1,21,241,0,0,0,post,620000,0
r/Starfield,8,10,t3_16i8xjm,1,78,136,2,0,0,post,620000,0
r/Starfield,4,5,t3_16i8xca,1,54,306,11,0,0,post,620000,0
r/Starfield,0,1,t3_16i8x4b,0,22,229,0,2,0,post,620000,0
r/Starfield,8,7,t3_16i8ww2,0,77,489,-3,-18,0,post,620000,0
r/Starfield,9,9,t3_16i8wu8,0,28,2330,3,35,0,post,620000,0
r/Starfield,1,0,t3_16i8wr0,1,20,19,0,-84,0,post,620000,0
r/Starfield,0,1,t3_16i8wne,0,20,290,-2,16,0,post,620000,0
r/Starfield,1,1,t3_16i8wlu,0,70,292,-4,-2,0,post,620000,0
r/Starfield,2,1,t3_16i8wjl,0,80,446,5,-1,0,post,620000,0
r/Starfield,1,1,t3_16i8wfp,1,32,288,0,-1,0,post,620000,0
r/Starfield,0,1,t3_16i8wcj,1,21,241,-7,0,0,post,620000,0
r/Starfield,0,1,t3_16i8w0y,1,51,292,2,0,0,post,620000,0
r/Starfield,2,1,t3_16i8w0n,0,22,143,2,2,0,post,620000,0
r/Starfield,0,1,t3_16i8vx5,0,51,511,0,6,0,post,620000,0
r/Starfield,2,5,t3_16i8vku,1,48,241,0,0,0,post,620000,0
r/Starfield,2,0,t3_16i8v9t,0,25,205,2,3,0,post,620000,0
r/Starfield,2,1,t3_16i8v88,1,35,136,1,0,0,post,620000,0
r/Starfield,0,1,t3_16i8v47,1,52,241,0,0,0,post,620000,0
r/Starfield,1,7,t3_16i8u1d,1,31,292,-2,0,0,post,620000,0
r/Starfield,4,5,t3_16i8sq6,1,56,241,0,0,0,post,620000,0
r/Starfield,19,60,t3_16i8skw,1,37,464,0,6,0,post,620000,0
r/Starfield,7,14,t3_16i8s0r,1,66,241,7,0,0,post,620000,0
r/Starfield,2,2,t3_16i8ris,1,134,136,0,0,0,post,620000,0
r/Starfield,0,3,t3_16i8rie,0,31,353,1,11,0,post,620000,0
r/Starfield,0,1,t3_16i8qws,0,26,184,0,1,0,post,620000,0
r/Starfield,6,2,t3_16i8qms,1,17,168,2,-2,0,post,620000,0
r/Starfield,4,1,t3_16i8qks,0,39,775,0,19,0,post,620000,0
r/Starfield,3,7,t3_16i8qhe,1,17,464,0,6,0,post,620000,0
r/Starfield,2,1,t3_16i8q7y,1,86,241,2,0,0,post,620000,0
r/Starfield,4,14,t3_16i8pnk,1,40,19,1,-84,0,post,620000,0
r/Starfield,2,0,t3_16i8oi0,0,23,171,0,0,0,post,620000,0
r/Starfield,1,1,t3_16i8o97,0,39,210,-2,10,0,post,620000,0
r/Starfield,5,2,t3_16i8o7y,0,40,397,0,1,0,post,620000,0
r/Starfield,3,1,t3_16i8o4n,0,57,719,2,-15,0,post,620000,0
r/Starfield,6,1,t3_16i8nzo,0,99,5670,3,4,0,post,620000,0
r/Starfield,4,1,t3_16i8n91,1,98,168,-6,-2,0,post,620000,0
r/Starfield,5,1,t3_16i8mw3,0,68,213,-7,-6,0,post,620000,0
r/Starfield,4,3,t3_16i8mw0,0,30,70,-2,1,0,post,620000,0
r/Starfield,16,10,t3_16i8mq2,1,93,420,-4,-6,0,post,620000,0
r/Starfield,3,1,t3_16i8mpw,0,84,530,3,-23,0,post,620000,0
r/Starfield,7,2,t3_16i8mp3,1,29,241,0,0,0,post,620000,0
r/Starfield,2,15,t3_16i8mig,1,40,136,3,0,0,post,620000,0
r/Starfield,1,3,t3_16i8kzu,0,105,369,-10,-4,0,post,620000,0
r/Starfield,4,1,t3_16i8ko2,0,24,485,5,-11,0,post,620000,0
r/Starfield,9,1,t3_16i8jt2,0,26,606,0,7,0,post,620000,0
r/Starfield,0,0,t3_16i8jsa,0,39,48,2,0,0,post,620000,0
r/Starfield,0,1,t3_16i8jnw,1,23,464,1,6,0,post,620000,0
r/Starfield,2,21,t3_16i8j92,1,67,292,3,0,0,post,620000,0
r/Starfield,1,4,t3_16i8izz,1,54,136,1,0,0,post,620000,0
r/Starfield,0,1,t3_16i8i2a,1,21,241,-3,0,0,post,620000,0
r/Starfield,0,3,t3_16i8i0q,0,59,370,-4,-22,0,post,620000,0
r/Starfield,7,3,t3_16i8hh8,1,97,464,4,6,0,post,620000,0
r/Starfield,1,3,t3_16i8h44,0,143,1701,0,25,0,post,620000,0
r/Starfield,2,9,t3_16i8h3k,1,120,293,3,0,0,post,620000,0
r/Starfield,8,8,t3_16i8h26,1,52,136,0,0,0,post,620000,0
r/Starfield,11,1,t3_16i8gqw,0,46,216,-13,-3,0,post,620000,0
r/Starfield,0,2,t3_16i8ghv,0,61,331,-3,-6,0,post,620000,0
r/Starfield,6,4,t3_16i8geu,1,32,241,-2,0,0,post,620000,0
r/Starfield,2,1,t3_16i8gdq,0,55,391,1,-28,0,post,620000,0
r/Starfield,5,1,t3_16i8fz6,0,45,242,0,-3,0,post,620000,0
r/Starfield,10,3,t3_16i8f9m,0,59,156,0,-1,0,post,620000,0
r/Starfield,0,3,t3_16i8f7k,0,30,94,3,-3,0,post,620000,0
r/Starfield,0,1,t3_16i8exo,1,21,287,0,0,0,post,620000,0
r/Starfield,1,1,t3_16i8e8j,0,84,72,-2,-1,0,post,620000,0
r/Starfield,5,2,t3_16i8czz,0,29,278,0,2,0,post,620000,0
r/Starfield,3,29,t3_16i8cuk,1,24,136,0,0,0,post,620000,0
r/Starfield,4,0,t3_16i8c9j,0,58,11100,0,57,0,post,620000,0
r/Starfield,12,5,t3_16i8c88,0,90,200,5,-4,0,post,620000,0
r/Starfield,0,1,t3_16i8c87,0,25,545,-4,6,0,post,620000,0
r/Starfield,0,3,t3_16i8bjy,1,55,466,-5,6,0,post,620000,0
r/Starfield,2,2,t3_16i8bgz,1,42,466,0,6,0,post,620000,0
r/Starfield,0,1,t3_16i8b5a,0,44,316,0,-2,0,post,620000,0
r/Starfield,2,1,t3_16i8az5,0,19,357,0,13,0,post,620000,0
r/Starfield,1,1,t3_16i8auk,1,28,168,-2,-2,0,post,620000,0
r/Starfield,22,2,t3_16i8amo,0,36,136,6,-3,1,post,620000,0
r/Starfield,6,1,t3_16i89gx,1,17,241,1,0,0,post,620000,0
r/Starfield,3,4,t3_16i899w,1,85,292,0,0,0,post,620000,0
r/Starfield,1,2,t3_16i8980,0,38,515,0,13,0,post,620000,0
r/Starfield,8,61,t3_16i894u,1,48,464,-1,6,0,post,620000,0
r/Starfield,5,1,t3_16i88s6,0,41,326,1,-3,0,post,620000,0
r/Starfield,0,1,t3_16i88kj,0,29,786,1,9,0,post,620000,0
r/Starfield,1,1,t3_16i888g,0,37,318,3,5,0,post,620000,0
r/Starfield,0,2,t3_16i87wf,1,52,241,0,0,0,post,620000,0
r/Starfield,3,3,t3_16i87mm,0,26,583,2,-14,0,post,620000,0
r/Starfield,3,0,t3_16i87mc,0,87,45,2,1,0,post,620000,0
r/Starfield,5,25,t3_16i8779,1,88,241,3,0,0,post,620000,0
r/Starfield,8,1,t3_16i871s,0,50,838,-7,1,0,post,620000,0
r/Starfield,0,1,t3_16i8701,0,26,222,0,-5,0,post,620000,0
r/Starfield,0,4,t3_16i86xu,0,63,209,1,3,0,post,620000,0
r/Starfield,11,14,t3_16i86vn,1,26,168,1,-2,0,post,620000,0
r/Starfield,0,1,t3_16i86vj,0,30,253,0,2,0,post,620000,0
r/Starfield,1,7,t3_16i86r1,1,115,136,2,0,0,post,620000,0
r/Starfield,0,1,t3_16i86qk,0,24,140,0,-6,0,post,620000,0
r/Starfield,2,7,t3_16i86kn,0,105,369,-10,-4,0,post,620000,0
r/Starfield,4,0,t3_16i86g2,0,44,83,0,4,0,post,620000,0
r/Starfield,3,1,t3_16i86c3,0,20,9,-1,0,0,post,620000,0
r/Starfield,15,2,t3_16i85z4,0,38,788,0,-30,0,post,620000,0
r/Starfield,14,0,t3_16i84i4,0,34,414,1,5,0,post,620000,0
r/Starfield,4,2,t3_16i840i,0,35,141,-1,-12,0,post,620000,0
r/Starfield,3,3,t3_16i8394,0,60,440,-3,14,0,post,620000,0
r/Starfield,2,1,t3_16i82si,1,29,241,1,0,0,post,620000,0
r/Starfield,1,2,t3_16i82mt,1,54,241,0,0,0,post,620000,0
r/Starfield,0,3,t3_16i82aa,0,38,432,0,0,0,post,620000,0
r/Starfield,0,4,t3_16i81yv,1,39,241,2,0,0,post,620000,0
r/Starfield,1,21,t3_16i81yt,1,38,292,0,0,0,post,620000,0
r/Starfield,342,2451,t3_16i81xb,0,37,447,0,11,0,post,620000,0
r/Starfield,2,2,t3_16i81ru,0,48,9,1,0,0,post,620000,0
r/Starfield,1,0,t3_16i81gc,0,60,2158,-2,15,0,post,620000,0
r/Starfield,7,15,t3_16i81c2,0,20,80,0,3,0,post,620000,0
r/Starfield,0,3,t3_16i814y,0,29,125,0,-2,0,post,620000,0
r/Starfield,4,1,t3_16i80yx,0,25,119,0,0,0,post,620000,0
r/Starfield,2,0,t3_16i80ws,1,54,241,14,0,0,post,620000,0
r/Starfield,3,1,t3_16i80rz,0,106,1109,4,18,0,post,620000,0
r/Starfield,7,1,t3_16i80qu,0,61,71,5,2,0,post,620000,0
r/Starfield,1,1,t3_16i80jq,0,46,732,0,0,0,post,620000,0
r/Starfield,0,5,t3_16i80ez,1,64,19,5,-84,0,post,620000,0
r/Starfield,4,1,t3_16i80cm,0,90,143,0,2,0,post,620000,0
r/Starfield,3,5,t3_16i8095,1,22,241,0,0,0,post,620000,0
r/Starfield,2,0,t3_16i8018,1,40,241,1,0,0,post,620000,0
r/Starfield,4,1,t3_16i7zed,0,29,455,0,-7,0,post,620000,0
r/Starfield,2,3,t3_16i7zea,0,34,180,-1,-5,0,post,620000,0
r/Starfield,5,1,t3_16i7zcm,0,32,247,-3,0,0,post,620000,0
r/Starfield,19,28,t3_16i7ywl,1,26,241,2,0,0,post,620000,0
r/Starfield,3,3,t3_16i7yot,1,44,19,-10,-84,0,post,620000,0
r/Starfield,0,0,t3_16i7yiz,1,84,165,9,0,0,post,620000,0
r/Starfield,2,3,t3_16i7xyz,1,53,464,0,6,0,post,620000,0
r/Starfield,4,0,t3_16i7xt4,1,33,241,4,0,0,post,620000,0
r/Starfield,1,1,t3_16i7xk3,0,17,549,-4,-20,0,post,620000,0
r/Starfield,6,3,t3_16i7xha,0,32,326,-1,-12,0,post,620000,0
r/Starfield,0,1,t3_16i7xfa,0,34,268,4,10,0,post,620000,0
r/Starfield,7,1,t3_16i7xe0,0,20,95,0,0,0,post,620000,0
r/Starfield,2,1,t3_16i7x2h,0,42,14,0,0,0,post,620000,0
r/Starfield,0,2,t3_16i7x1t,0,24,201,1,-4,0,post,620000,0
r/Starfield,1,1,t3_16i7x18,0,77,189,0,-4,0,post,620000,0
r/Starfield,1,1,t3_16i7wz2,0,20,1156,4,39,0,post,620000,0
r/Starfield,2,2,t3_16i7wvh,1,42,241,-1,0,0,post,620000,0
r/Starfield,2,4,t3_16i7wuc,1,30,136,0,0,0,post,620000,0
r/Starfield,3,21,t3_16i7ws5,1,42,136,7,0,0,post,620000,0
r/Starfield,0,7,t3_16i7w9w,1,24,241,0,0,0,post,620000,0
r/Starfield,1,3,t3_16i7w98,1,83,241,4,0,0,post,620000,0
r/Starfield,1,2,t3_16i7w8i,0,22,124,-6,7,0,post,620000,0
r/Starfield,9,0,t3_16i7w5b,0,60,1456,5,6,0,post,620000,0
r/Starfield,0,1,t3_16i7w47,1,97,168,0,-2,0,post,620000,0
r/Starfield,0,1,t3_16i7vxc,1,106,241,22,0,0,post,620000,0
r/Starfield,6,1,t3_16i7vqz,0,18,482,8,12,0,post,620000,0
r/Starfield,1,1,t3_16i7vof,1,46,236,1,-2,0,post,620000,0
r/Starfield,0,1,t3_16i7vei,0,36,448,0,-6,0,post,620000,0
r/Starfield,0,2,t3_16i7vd7,1,29,136,-2,0,0,post,620000,0
r/Starfield,14,3,t3_16i7v9h,0,18,2310,0,-6,0,post,620000,0
r/Starfield,6,0,t3_16i7uf0,0,69,9,0,0,0,post,620000,0
r/Starfield,0,4,t3_16i7u0r,1,41,241,0,0,0,post,620000,0
r/Starfield,1,1,t3_16i7t5y,0,18,106,8,-16,0,post,620000,0
r/Starfield,3,0,t3_16i7t12,0,23,183,0,5,0,post,620000,0
r/Starfield,0,1,t3_16i7sx7,1,37,19,1,-84,0,post,620000,0
r/Starfield,6,2,t3_16i7se2,0,47,1534,-1,-2,0,post,620000,0
r/Starfield,5,0,t3_16i7s58,1,31,136,-9,0,0,post,620000,0
r/Starfield,3,10,t3_16i7rya,1,24,464,0,6,0,post,620000,0
r/Starfield,2,4,t3_16i7rqh,1,31,241,0,0,0,post,620000,0
r/Starfield,0,3,t3_16i7rk5,1,64,464,7,6,0,post,620000,0
r/Starfield,0,4,t3_16i7qud,1,51,464,1,6,0,post,620000,0
r/Starfield,5,1,t3_16i7qc6,0,25,164,4,-7,0,post,620000,0
r/Starfield,1,1,t3_16i7q24,1,25,292,0,0,0,post,620000,0
r/Starfield,9,1,t3_16i7poa,0,53,147,-1,1,0,post,620000,0
r/Starfield,42,212,t3_16i7pb0,1,18,241,-3,0,0,post,620000,0
r/Starfield,12,6,t3_16i7otf,1,107,292,0,0,0,post,620000,0
r/Starfield,3,6,t3_16i7o9v,0,37,797,1,2,0,post,620000,0
r/Starfield,0,1,t3_16i7o1q,0,34,48,2,0,0,post,620000,0
r/Starfield,14,105,t3_16i7nya,1,83,464,-2,6,0,post,620000,0
r/Starfield,4,4,t3_16i7nrp,0,20,326,-7,-12,0,post,620000,0
r/Starfield,4,1,t3_16i7nm1,0,53,719,6,17,0,post,620000,0
r/Starfield,2,1,t3_16i7nh4,0,106,479,-3,4,0,post,620000,0
r/Starfield,0,1,t3_16i7ncm,0,51,447,2,2,0,post,620000,0
r/Starfield,0,1,t3_16i7n7n,0,45,153,-5,-10,0,post,620000,0
r/Starfield,6,2,t3_16i7mvw,0,61,596,0,22,0,post,620000,0
r/Starfield,12,1,t3_16i7mlh,0,39,268,5,6,0,post,620000,0
r/Starfield,2,1,t3_16i7ml2,0,45,346,-2,-3,0,post,620000,0
r/Starfield,2,3,t3_16i7lx0,0,116,2554,4,16,0,post,620000,0
r/Starfield,3,3,t3_16i7ls5,1,17,241,0,0,0,post,620000,0
r/Starfield,5,1,t3_16i7lag,0,62,331,0,-5,0,post,620000,0
r/Starfield,0,5,t3_16i7k7u,0,33,180,5,10,0,post,620000,0
r/Starfield,2,9,t3_16i7k7h,1,31,136,0,0,0,post,620000,0
r/Starfield,0,1,t3_16i7k4v,0,51,2004,0,25,0,post,620000,0
r/Starfield,2,2,t3_16i7jzt,1,72,136,1,0,0,post,620000,0
r/Starfield,0,31,t3_16i7jyl,1,24,136,0,0,0,post,620000,0
r/Starfield,3,2,t3_16i7jmt,0,53,280,0,3,0,post,620000,0
r/Starfield,0,14,t3_16i7jls,1,34,19,1,-84,0,post,620000,0
r/Starfield,3,0,t3_16i7jh9,0,38,730,-5,-10,0,post,620000,0
r/Starfield,4,1,t3_16i7jgf,0,42,379,0,5,0,post,620000,0
r/Starfield,9,178,t3_16i7jg5,1,26,292,2,0,0,post,620000,0
r/Starfield,0,1,t3_16i7jei,0,22,283,-2,-1,0,post,620000,0
r/Starfield,242,723,t3_16i7j32,1,21,241,0,0,0,post,620000,0
r/Starfield,1,2,t3_16i7ir7,0,39,0,1,0,0,post,620000,0
r/Starfield,4,1,t3_16i7ih3,0,25,112,2,0,0,post,620000,0
r/Starfield,4,1,t3_16i7hq4,0,26,73,0,2,0,post,620000,0
r/Starfield,2,1,t3_16i7hhj,0,20,9,1,0,0,post,620000,0
r/Starfield,4,1,t3_16i7h4f,0,24,56,0,-3,0,post,620000,0
r/Starfield,0,0,t3_16i7h31,1,28,288,0,-1,0,post,620000,0
r/Starfield,17,5,t3_16i7h1s,0,57,351,-14,-3,0,post,620000,0
r/Starfield,0,1,t3_16i7gyw,1,107,168,6,-2,0,post,620000,0
r/Starfield,0,0,t3_16i7ghl,0,21,574,4,14,0,post,620000,0
r/Starfield,2,1,t3_16i7ga3,0,31,430,1,-3,0,post,620000,0
r/Starfield,1,2,t3_16i7g71,1,63,241,0,0,0,post,620000,0
r/Starfield,1,2,t3_16i7ft7,0,44,181,0,0,0,post,620000,0
r/Starfield,2,12,t3_16i7ft4,1,59,136,4,0,0,post,620000,0
r/Starfield,3,25,t3_16i7fo3,1,22,466,-3,6,0,post,620000,0
r/Starfield,3,1,t3_16i7fje,0,42,175,-1,-3,0,post,620000,0
r/Starfield,0,3,t3_16i7ew8,0,52,224,0,4,0,post,620000,0
r/Starfield,1,3,t3_16i7ev6,1,131,241,0,0,0,post,620000,0
r/Starfield,1,2,t3_16i7ei8,0,48,661,-4,-1,0,post,620000,0
r/Starfield,8,6,t3_16i7ecz,1,128,241,0,0,0,post,620000,0
r/Starfield,0,2,t3_16i7dv8,1,142,136,1,0,0,post,620000,0
r/Starfield,6,1,t3_16i7dl6,0,59,364,-2,-11,0,post,620000,0
r/Starfield,3,1,t3_16i7dcb,0,53,218,4,-5,0,post,620000,0
r/Starfield,10,1,t3_16i7d86,0,26,432,-6,-17,0,post,620000,0
r/Starfield,0,1,t3_16i7cxp,1,39,241,0,0,0,post,620000,0
r/Starfield,4,1,t3_16i7cog,0,33,257,-3,-2,0,post,620000,0
r/Starfield,0,1,t3_16i7cmb,1,79,241,1,0,0,post,620000,0
r/Starfield,3,1,t3_16i7br6,0,49,400,-2,1,0,post,620000,0
r/Starfield,2,3,t3_16i7axy,0,36,194,1,8,0,post,620000,0
r/Starfield,0,6,t3_16i7avd,0,139,3117,4,54,0,post,620000,0
r/Starfield,3,1,t3_16i7ab7,0,24,596,3,0,0,post,620000,0
r/Starfield,0,3,t3_16i7a0k,1,40,292,2,0,0,post,620000,0
r/Starfield,0,1,t3_16i7a0c,1,87,241,0,0,0,post,620000,0
r/Starfield,4,1,t3_16i79z3,0,98,0,5,0,0,post,620000,0
r/Starfield,0,1,t3_16i79p4,0,21,206,-3,-11,0,post,620000,0
r/Starfield,0,3,t3_16i79br,1,76,241,12,0,0,post,620000,0
r/Starfield,4,2,t3_16i799v,0,26,418,2,-3,0,post,620000,0
r/Starfield,0,1,t3_16i799b,0,22,9,-1,0,0,post,620000,0
r/Starfield,0,2,t3_16i78tm,1,54,168,2,-2,0,post,620000,0
r/Starfield,8,37,t3_16i78d9,0,58,1794,0,27,0,post,620000,0
r/Starfield,5,1,t3_16i78b5,0,97,231,0,-4,0,post,620000,0
r/Starfield,1,1,t3_16i77sd,0,48,115,0,-1,0,post,620000,0
r/Starfield,0,1,t3_16i77by,1,44,464,3,6,0,post,620000,0
r/Starfield,14,1,t3_16i773u,0,64,736,-7,9,0,post,620000,0
r/Starfield,1,1,t3_16i76uz,0,21,208,0,-5,0,post,620000,0
r/Starfield,0,1,t3_16i76rd,0,36,574,3,-5,0,post,620000,0
r/Starfield,0,1,t3_16i76d3,0,29,588,5,-10,0,post,620000,0
r/Starfield,1,1,t3_16i75qd,0,23,631,-3,-17,0,post,620000,0
r/Starfield,2,0,t3_16i75ke,0,48,272,-1,9,0,post,620000,0
r/Starfield,5,2,t3_16i75dv,0,29,462,2,19,0,post,620000,0
r/Starfield,2,1,t3_16i75da,0,36,30,0,0,0,post,620000,0
r/Starfield,13,0,t3_16i758w,0,43,421,-1,4,0,post,620000,0
r/Starfield,0,1,t3_16i7517,1,20,168,6,-2,0,post,620000,0
r/Starfield,4,1,t3_16i74s1,0,33,278,0,5,0,post,620000,0
r/Starfield,2,1,t3_16i74nz,0,80,715,0,0,0,post,620000,0
r/Starfield,0,1,t3_16i74lf,0,36,109,-2,11,0,post,620000,0
r/Starfield,1,1,t3_16i74jz,0,40,132,1,-1,0,post,620000,0
r/Starfield,4,1,t3_16i74hj,0,26,93,2,1,0,post,620000,0
r/Starfield,9,2,t3_16i748x,0,36,659,0,-8,0,post,620000,0
r/Starfield,1,1,t3_16i748a,0,71,9,1,0,0,post,620000,0
r/Starfield,1,1,t3_16i73qn,1,18,241,0,0,0,post,620000,0
r/Starfield,1,2,t3_16i73o9,0,34,107,0,6,0,post,620000,0
r/Starfield,1,2,t3_16i73fl,0,32,292,-6,-7,0,post,620000,0
r/Starfield,3,2,t3_16i739c,0,125,0,-2,0,0,post,620000,0
r/Starfield,0,1,t3_16i738s,0,29,1166,0,-2,0,post,620000,0
r/Starfield,9,0,t3_16i72ug,0,42,9,-6,0,0,post,620000,0
r/Starfield,0,2,t3_16i72u0,0,26,160,1,3,0,post,620000,0
r/Starfield,20,39,t3_16i72st,0,74,341,0,19,0,post,620000,0
r/Starfield,7,1,t3_16i72ia,0,54,681,2,-22,0,post,620000,0
r/Starfield,6,3,t3_16i72eb,0,93,905,0,16,0,post,620000,0
r/Starfield,0,2,t3_16i72dy,1,128,241,-1,0,0,post,620000,0
r/Starfield,2,1,t3_16i72a1,0,43,279,0,-11,0,post,620000,0
r/Starfield,0,1,t3_16i71jp,1,78,19,0,-84,0,post,620000,0
r/Starfield,3,1,t3_16i70z3,1,57,136,0,0,0,post,620000,0
r/Starfield,0,2,t3_16i70ti,0,54,543,3,3,0,post,620000,0
r/Starfield,6,2,t3_16i70sm,0,63,341,-2,-14,0,post,620000,0
r/Starfield,0,3,t3_16i70ne,1,24,243,0,0,0,post,620000,0
r/Starfield,1,1,t3_16i70l1,0,69,0,-3,0,0,post,620000,0
r/Starfield,3,3,t3_16i6ztq,1,28,241,-1,0,0,post,620000,0
r/Starfield,27,0,t3_16i6zd4,0,20,686,-1,17,0,post,620000,0
r/Starfield,4,1,t3_16i6z1z,0,36,460,-2,-9,0,post,620000,0
r/Starfield,2,1,t3_16i6yx2,0,18,406,3,0,0,post,620000,0
r/Starfield,3,3,t3_16i6ykw,0,32,239,0,3,0,post,620000,0
r/Starfield,8,3,t3_16i6y62,0,29,178,0,3,0,post,620000,0
r/Starfield,0,2,t3_16i6y2d,0,27,49,1,1,0,post,620000,0
r/Starfield,0,4,t3_16i6xw2,1,20,292,3,0,0,post,620000,0
r/Starfield,4,3,t3_16i6xss,1,144,241,7,0,0,post,620000,0
r/Starfield,0,2,t3_16i6xby,0,45,260,5,6,0,post,620000,0
r/Starfield,6,54,t3_16i6x81,1,39,60,7,-4,0,post,620000,0
r/Starfield,10,1,t3_16i6x5w,0,30,642,0,17,0,post,620000,0
r/Starfield,0,5,t3_16i6ws4,1,28,241,-6,0,0,post,620000,0
r/Starfield,7,1,t3_16i6wq6,0,34,128,2,0,0,post,620000,0
r/Starfield,4,3,t3_16i6wq5,0,20,415,0,-9,0,post,620000,0
r/Starfield,4,2,t3_16i6wok,0,37,1081,-2,27,0,post,620000,0
r/Starfield,3,2,t3_16i6w0v,1,110,272,3,0,0,post,620000,0
r/Starfield,2,3,t3_16i6vxj,0,66,152,0,4,0,post,620000,0
r/Starfield,1,1,t3_16i6vnr,0,45,174,0,-11,0,post,620000,0
r/Starfield,2,2,t3_16i6v5i,0,25,227,3,-4,0,post,620000,0
r/Starfield,10,0,t3_16i6v1k,0,60,9,2,0,0,post,620000,0
r/Starfield,10,2,t3_16i6uwp,0,65,766,-1,-31,0,post,620000,0
r/Starfield,0,2,t3_16i6uit,1,68,316,-1,0,0,post,620000,0
r/Starfield,0,2,t3_16i6ues,0,57,219,3,13,0,post,620000,0
r/Starfield,19,0,t3_16i6u6c,0,23,1359,-5,-9,0,post,620000,0
r/Starfield,8,1,t3_16i6tz1,0,53,214,2,2,0,post,620000,0
r/Starfield,2,0,t3_16i6tm2,1,75,136,5,0,0,post,620000,0
r/Starfield,7,0,t3_16i6tfa,0,60,9,1,0,0,post,620000,0
r/Starfield,9,2,t3_16i6tdn,0,42,1289,0,32,0,post,620000,0
r/Starfield,2,2,t3_16i6tby,1,26,241,0,0,0,post,620000,0
r/Starfield,5,0,t3_16i6sb7,0,44,134,0,4,0,post,620000,0
r/Starfield,0,1,t3_16i6rrm,0,38,698,1,9,0,post,620000,0
r/Starfield,1,2,t3_16i6roi,1,26,168,3,-2,0,post,620000,0
r/Starfield,1,2,t3_16i6rjd,1,34,136,0,0,0,post,620000,0
r/Starfield,2,1,t3_16i6rde,1,88,292,3,0,0,post,620000,0
r/Starfield,0,6,t3_16i6rai,1,74,241,0,0,0,post,620000,0
r/Starfield,0,16,t3_16i6ra8,1,40,241,4,0,0,post,620000,0
r/Starfield,4,1,t3_16i6r2v,0,35,881,2,5,0,post,620000,0
r/Starfield,1,7,t3_16i6qxd,0,63,325,5,4,0,post,620000,0
r/Starfield,0,1,t3_16i6qx1,0,40,275,2,6,0,post,620000,0
r/Starfield,2,1,t3_16i6qkm,0,45,605,2,8,0,post,620000,0
r/Starfield,10,2,t3_16i6qic,0,72,474,1,7,0,post,620000,0
r/Starfield,0,1,t3_16i6qei,0,49,204,0,4,0,post,620000,0
r/Starfield,0,2,t3_16i6q1g,1,18,168,0,-2,0,post,620000,0
r/Starfield,2,0,t3_16i6ps8,1,17,241,0,0,0,post,620000,0
r/Starfield,1,8,t3_16i6prk,1,34,136,2,0,0,post,620000,0
r/Starfield,7,1,t3_16i6pqf,0,92,311,2,-3,0,post,620000,0
r/Starfield,0,1,t3_16i6pc2,1,58,165,3,0,0,post,620000,0
r/Starfield,3,1,t3_16i6p44,0,18,300,-3,1,0,post,620000,0
r/Starfield,2,0,t3_16i6p0t,1,48,241,2,0,0,post,620000,0
r/Starfield,0,2,t3_16i6ool,1,53,136,6,0,0,post,620000,0
r/Starfield,0,1,t3_16i6ogv,0,26,183,1,-7,0,post,620000,0
r/Starfield,0,1,t3_16i6oel,0,24,109,-3,0,0,post,620000,0
r/Starfield,0,2,t3_16i6obi,0,37,355,7,23,0,post,620000,0
r/Starfield,5,5,t3_16i6ntw,0,68,651,0,26,0,post,620000,0
r/Starfield,2,6,t3_16i6nr1,1,64,136,5,0,0,post,620000,0
r/Starfield,0,2,t3_16i6nlk,0,21,143,0,0,0,post,620000,0
r/Starfield,0,2,t3_16i6msi,0,18,97,0,0,0,post,620000,0
r/Starfield,0,5,t3_16i6mp5,0,48,242,0,2,0,post,620000,0
r/Starfield,0,3,t3_16i6mnn,1,19,292,-2,0,0,post,620000,0
r/Starfield,3,1,t3_16i6meq,0,18,390,1,-11,0,post,620000,0
r/Starfield,2,1,t3_16i6m9z,0,69,556,4,7,0,post,620000,0
r/Starfield,0,1,t3_16i6m4u,0,24,162,-1,10,0,post,620000,0
r/Starfield,2,1,t3_16i6lqq,0,45,951,2,16,0,post,620000,0
r/Starfield,0,3,t3_16i6lli,1,21,136,4,0,0,post,620000,0
r/Starfield,4,2,t3_16i6kli,1,51,292,0,0,0,post,620000,0
r/Starfield,0,1,t3_16i6jyt,1,39,136,0,0,0,post,620000,0
r/Starfield,2,1,t3_16i6jqk,0,80,237,-6,-10,0,post,620000,0
r/Starfield,1,1,t3_16i6jj8,1,87,241,4,0,0,post,620000,0
r/Starfield,0,6,t3_16i6jg9,1,55,19,-1,-84,0,post,620000,0
r/Starfield,1,1,t3_16i6ivv,1,37,464,0,6,0,post,620000,0
r/Starfield,9,1,t3_16i6ihk,1,120,241,1,0,0,post,620000,0
r/Starfield,6,3,t3_16i6ifb,0,27,267,1,-10,0,post,620000,0
r/Starfield,0,1,t3_16i6iao,1,43,292,-3,0,0,post,620000,0
r/Starfield,19,2,t3_16i6i9x,0,64,1743,0,-5,0,post,620000,0
r/Starfield,5,1,t3_16i6i22,0,59,266,3,11,0,post,620000,0
r/Starfield,1,0,t3_16i6gpn,1,28,136,0,0,0,post,620000,0
r/Starfield,1,2,t3_16i6ggi,1,71,136,0,0,0,post,620000,0
r/Starfield,0,2,t3_16i6g6r,0,60,231,-7,-17,0,post,620000,0
r/Starfield,1,2,t3_16i6g3g,1,42,241,1,0,0,post,620000,0
r/Starfield,1,3,t3_16i6g30,1,42,241,6,0,0,post,620000,0
r/Starfield,1,2,t3_16i6eyp,0,59,142,0,4,0,post,620000,0
r/Starfield,2,1,t3_16i6etf,0,28,262,5,6,0,post,620000,0
r/Starfield,5,8,t3_16i6eqm,1,37,136,2,0,0,post,620000,0
r/Starfield,3,2,t3_16i6dcw,1,80,241,3,0,0,post,620000,0
r/Starfield,4,1,t3_16i6c9j,0,52,275,-3,-26,0,post,620000,0
r/Starfield,3,2,t3_16i6c0g,0,22,358,-1,0,0,post,620000,0
r/Starfield,1,2,t3_16i6buo,0,46,828,0,9,0,post,620000,0
r/Starfield,0,1,t3_16i6bij,0,31,202,0,3,0,post,620000,0
r/Starfield,0,2,t3_16i6bhy,1,41,241,0,0,0,post,620000,0
r/Starfield,0,1,t3_16i6b3y,0,36,190,0,2,0,post,620000,0
r/Starfield,3,1,t3_16i6az2,1,104,136,5,0,0,post,620000,0
r/Starfield,13,86,t3_16i6arx,1,64,241,0,0,0,post,620000,0
r/Starfield,2,1,t3_16i6ah4,1,84,241,1,0,0,post,620000,0
r/Starfield,2,0,t3_16i6aaj,1,23,168,0,-2,0,post,620000,0
r/Starfield,6,2,t3_16i6aa1,0,17,859,0,14,0,post,620000,0
r/Starfield,4,2,t3_16i6a6n,0,114,0,0,0,0,post,620000,0
r/Starfield,14,3,t3_16i6a6i,0,51,279,-1,7,0,post,620000,0
r/Starfield,0,2,t3_16i6a4k,0,42,951,-6,19,0,post,620000,0
r/Starfield,6,2,t3_16i6a3y,1,74,241,0,0,0,post,620000,0
r/Starfield,0,2,t3_16i6a2e,0,88,124,-1,-6,0,post,620000,0
r/Starfield,6,2,t3_16i69r1,1,56,241,2,0,0,post,620000,0
r/Starfield,11,1,t3_16i69pj,1,21,241,0,0,0,post,620000,0
r/Starfield,6,1,t3_16i69he,0,72,309,3,18,0,post,620000,0
r/Starfield,0,2,t3_16i69co,1,42,241,0,0,0,post,620000,0
r/Starfield,1,44,t3_16i68zr,1,83,292,2,0,0,post,620000,0
r/Starfield,5,13,t3_16i68xl,1,27,464,6,6,0,post,620000,0
r/Starfield,0,0,t3_16i68pk,1,43,293,-6,0,0,post,620000,0
r/Starfield,1,3,t3_16i68pa,1,63,241,-1,0,0,post,620000,0
r/Starfield,1,1,t3_16i68mb,0,17,423,-1,10,0,post,620000,0
r/Starfield,1,1,t3_16i68b1,0,45,103,1,3,0,post,620000,0
r/Starfield,1,1,t3_16i685q,0,31,331,2,-8,0,post,620000,0
r/Starfield,0,1,t3_16i680u,1,45,293,0,0,0,post,620000,0
r/Starfield,2,2,t3_16i680i,1,63,241,0,0,0,post,620000,0
r/Starfield,0,1,t3_16i6809,1,21,292,0,0,0,post,620000,0
r/Starfield,4,1,t3_16i6796,0,54,9,2,0,0,post,620000,0
r/Starfield,0,1,t3_16i676n,0,52,371,0,7,0,post,620000,0
r/Starfield,0,2,t3_16i66xg,0,31,703,-1,-23,0,post,620000,0
r/Starfield,1,8,t3_16i66xb,1,54,136,5,0,0,post,620000,0
r/Starfield,1,79,t3_16i66dr,1,86,60,0,-4,0,post,620000,0
r/Starfield,1,2,t3_16i661q,0,65,237,4,1,0,post,620000,0
r/Starfield,0,1,t3_16i65vy,1,106,309,-9,0,0,post,620000,0
r/Starfield,1,5,t3_16i65v2,0,22,91,-1,-1,0,post,620000,0
r/Starfield,3,1,t3_16i65t5,1,32,241,-1,0,0,post,620000,0
r/Starfield,0,0,t3_16i65ot,1,40,136,-6,0,0,post,620000,0
r/Starfield,2,1,t3_16i65k6,0,66,462,4,0,0,post,620000,0
r/Starfield,1,1,t3_16i65ib,0,20,322,3,9,0,post,620000,0
r/Starfield,5,1,t3_16i65hx,0,27,154,2,15,0,post,620000,0
r/Starfield,3,1,t3_16i65he,0,66,462,4,0,0,post,620000,0
r/Starfield,1,2,t3_16i64hw,0,65,1151,2,-1,0,post,620000,0
r/Starfield,9,1,t3_16i64g7,0,17,60,0,7,0,post,620000,0
r/Starfield,4,2,t3_16i64ft,1,135,241,4,0,0,post,620000,0
r/Starfield,0,3,t3_16i64b4,1,22,136,5,0,0,post,620000,0
r/Starfield,1,1,t3_16i64ay,0,28,89,1,-7,0,post,620000,0
r/Starfield,0,4,t3_16i648m,1,42,136,0,0,0,post,620000,0
r/Starfield,10,277,t3_16i643h,1,18,464,0,6,0,post,620000,0
r/Starfield,1,1,t3_16i641s,0,25,603,0,11,0,post,620000,0
r/Starfield,0,1,t3_16i6412,0,34,146,3,2,0,post,620000,0
r/Starfield,1,0,t3_16i63vv,1,50,293,5,0,0,post,620000,0
r/Starfield,0,1,t3_16i63t6,0,22,264,-2,3,0,post,620000,0
r/Starfield,0,1,t3_16i63oi,1,42,292,2,0,0,post,620000,0
r/Starfield,35,3,t3_16i63jx,0,49,467,0,-7,0,post,620000,0
r/Starfield,1,4,t3_16i63e3,1,35,241,0,0,0,post,620000,0
r/Starfield,2,1,t3_16i638f,0,46,674,1,7,0,post,620000,0
r/Starfield,0,1,t3_16i631h,0,40,376,-2,5,0,post,620000,0
r/Starfield,0,1,t3_16i62se,0,24,146,0,3,0,post,620000,0
r/Starfield,0,1,t3_16i62jp,0,97,495,0,7,0,post,620000,0
r/Starfield,3,1,t3_16i62b2,0,44,807,2,3,0,post,620000,0
r/Starfield,0,1,t3_16i628b,1,71,305,3,0,0,post,620000,0
r/Starfield,3,1,t3_16i6285,0,41,298,-4,-15,0,post,620000,0
r/Starfield,1,0,t3_16i61j7,0,88,157,0,-1,0,post,620000,0
r/Starfield,0,1,t3_16i61go,1,25,464,-6,6,0,post,620000,0
r/Starfield,2,2,t3_16i61cd,1,29,241,0,0,0,post,620000,0
r/Starfield,2,2,t3_16i613a,0,65,110,0,3,0,post,620000,0
r/Starfield,2,1,t3_16i60vh,0,43,427,-8,-18,0,post,620000,0
r/Starfield,0,1,t3_16i60t5,1,118,241,0,0,0,post,620000,0
r/Starfield,0,1,t3_16i60bf,1,43,136,0,0,0,post,620000,0
r/Starfield,2,2,t3_16i601d,0,19,285,1,21,0,post,620000,0
r/Starfield,19,1,t3_16i5ztf,0,54,70,3,4,0,post,620000,0
r/Starfield,1,1,t3_16i5zrp,0,48,188,0,4,0,post,620000,0
r/Starfield,0,1,t3_16i5zh7,0,59,124,0,-1,0,post,620000,0
r/Starfield,2,1,t3_16i5zg7,0,34,162,1,3,0,post,620000,0
r/Starfield,0,1,t3_16i5zg1,1,42,241,1,0,0,post,620000,0
r/Starfield,0,1,t3_16i5yl8,0,24,471,0,10,0,post,620000,0
r/Starfield,9,2,t3_16i5yi8,0,139,335,0,11,0,post,620000,0
r/Starfield,0,2,t3_16i5y1z,1,36,241,0,0,0,post,620000,0
r/Starfield,0,1,t3_16i5xii,1,61,292,3,0,0,post,620000,0
r/Starfield,2,1,t3_16i5xgg,0,41,11,0,0,0,post,620000,0
r/Starfield,9,2,t3_16i5xb6,0,19,605,-2,14,0,post,620000,0
r/Starfield,2,1,t3_16i5xan,0,27,9,0,0,0,post,620000,0
r/Starfield,2,2,t3_16i5wzh,0,18,107,2,0,0,post,620000,0
r/Starfield,4,8,t3_16i5wnu,0,36,43,0,0,0,post,620000,0
r/Starfield,1,0,t3_16i5wm1,1,19,168,0,-2,0,post,620000,0
r/Starfield,2,3,t3_16i5wgz,0,55,312,-2,-5,0,post,620000,0
r/Starfield,9,2,t3_16i5wfs,0,21,524,0,10,0,post,620000,0
r/Starfield,0,2,t3_16i5wet,1,34,464,5,6,0,post,620000,0
r/Starfield,2,3,t3_16i5vy2,0,31,267,0,-4,0,post,620000,0
r/Starfield,6,1,t3_16i5vxj,0,47,732,1,-8,0,post,620000,0
r/Starfield,0,1,t3_16i5vw8,1,23,236,0,-2,0,post,620000,0
r/Starfield,5,2,t3_16i5vqh,0,34,381,1,4,0,post,620000,0
r/Starfield,1,1,t3_16i5vdo,1,41,292,0,0,0,post,620000,0
r/Starfield,0,1,t3_16i5uxg,1,130,292,0,0,0,post,620000,0
r/Starfield,0,1,t3_16i5un2,1,36,168,0,-2,0,post,620000,0
r/Starfield,13,3,t3_16i5ulo,0,29,610,3,-5,0,post,620000,0
r/Starfield,1,5,t3_16i5udf,1,41,136,2,0,0,post,620000,0
r/Starfield,4,1,t3_16i5uc7,0,17,477,-1,5,0,post,620000,0
r/Starfield,1,1,t3_16i5u90,0,51,144,-3,6,0,post,620000,0
r/Starfield,4,2,t3_16i5u7m,1,32,136,1,0,0,post,620000,0
r/Starfield,9,1,t3_16i5tk7,0,18,85,5,3,0,post,620000,0
r/Starfield,5,1,t3_16i5tj3,1,45,19,-4,-84,0,post,620000,0
r/Starfield,2,2,t3_16i5thm,0,45,247,-3,7,0,post,620000,0
r/Starfield,0,3,t3_16i5t5d,1,35,241,-4,0,0,post,620000,0
r/Starfield,21,2,t3_16i5t4o,0,49,9,-8,0,0,post,620000,0
r/Starfield,11,3,t3_16i5t22,1,24,136,0,0,0,post,620000,0
r/Starfield,0,1,t3_16i5szp,0,39,1881,-1,21,0,post,620000,0
r/Starfield,6,1,t3_16i5sds,0,122,9,-12,0,0,post,620000,0
r/Starfield,0,2,t3_16i5sae,1,64,136,4,0,0,post,620000,0
r/Starfield,0,1,t3_16i5s0u,0,38,246,-3,3,0,post,620000,0
r/Starfield,4,1,t3_16i5rs4,0,54,790,-4,-7,0,post,620000,0
r/Starfield,0,1,t3_16i5rl1,1,70,168,-1,-2,0,post,620000,0
r/Starfield,5,3,t3_16i5rid,0,22,181,0,1,0,post,620000,0
r/Starfield,0,2,t3_16i5rdy,0,38,512,2,9,0,post,620000,0
r/Starfield,0,0,t3_16i5r82,0,20,116,-5,-3,0,post,620000,0
r/Starfield,1,1,t3_16i5r3a,0,17,124,-2,-4,0,post,620000,0
r/Starfield,7,1,t3_16i5r0q,0,63,196,0,20,0,post,620000,0
r/Starfield,3,1,t3_16i5qyl,0,63,283,2,5,0,post,620000,0
r/Starfield,0,3,t3_16i5q8k,0,33,410,-8,13,0,post,620000,0
r/Starfield,0,2,t3_16i5q6i,1,81,168,-6,-2,0,post,620000,0
r/Starfield,5,3,t3_16i5poa,0,47,177,4,7,0,post,620000,0
r/Starfield,2,2,t3_16i5pc7,0,30,634,-7,-18,0,post,620000,0
r/Starfield,3,2,t3_16i5oy1,0,82,257,1,6,0,post,620000,0
r/Starfield,4,1,t3_16i5oxs,0,22,379,0,-9,0,post,620000,0
r/Starfield,3,0,t3_16i5oom,1,70,241,-5,0,0,post,620000,0
r/Starfield,2,1,t3_16i5of9,0,61,314,-1,0,0,post,620000,0
r/Starfield,5,5,t3_16i5oc9,0,96,259,-5,3,0,post,620000,0
r/Starfield,9,1,t3_16i5o30,0,64,172,-1,-5,0,post,620000,0
r/Starfield,2,3,t3_16i5nzj,1,82,165,-2,0,0,post,620000,0
r/Starfield,3,1,t3_16i5nvb,0,41,1287,2,-36,0,post,620000,0
r/Starfield,1,3,t3_16i5nd4,0,28,986,4,25,0,post,620000,0
r/Starfield,0,3,t3_16i5n9m,0,31,129,-8,-3,0,post,620000,0
r/Starfield,2,1,t3_16i5my9,0,63,255,2,0,0,post,620000,0
r/Starfield,0,2,t3_16i5mxr,1,56,19,4,-84,0,post,620000,0
r/Starfield,10,1,t3_16i5mm0,1,24,136,0,0,0,post,620000,0
r/Starfield,1,2,t3_16i5mbn,0,23,847,-4,-15,0,post,620000,0
r/Starfield,1,2,t3_16i5m7c,0,38,120,3,8,0,post,620000,0
r/Starfield,81,817,t3_16i5m6u,1,45,136,6,0,0,post,620000,0
r/Starfield,0,2,t3_16i5m4h,0,17,65,0,-2,0,post,620000,0
r/Starfield,5,2,t3_16i5lsk,0,130,418,-11,-3,0,post,620000,0
r/Starfield,3,2,t3_16i5ls4,1,26,136,-1,0,0,post,620000,0
r/Starfield,2,1,t3_16i5lqu,0,22,750,0,7,0,post,620000,0
r/Starfield,0,1,t3_16i5llm,1,28,168,0,-2,0,post,620000,0
r/Starfield,2,1,t3_16i5ll0,0,40,119,0,4,0,post,620000,0
r/Starfield,0,1,t3_16i5lc3,0,53,221,0,-4,0,post,620000,0
r/Starfield,0,1,t3_16i5lbn,0,45,72,0,-1,0,post,620000,0
r/Starfield,6,3,t3_16i5klz,0,51,815,-3,-5,0,post,620000,0
r/Starfield,4,2,t3_16i5kjr,0,17,217,1,4,0,post,620000,0
r/Starfield,9,1,t3_16i5k9w,0,42,415,0,3,0,post,620000,0
r/Starfield,29,202,t3_16i5jet,1,106,136,6,0,0,post,620000,0
r/Starfield,8,1,t3_16i5jdl,0,100,148,0,2,0,post,620000,0
r/Starfield,0,2,t3_16i5jaz,1,40,241,-2,0,0,post,620000,0
r/Starfield,2,2,t3_16i5imn,0,85,707,2,7,0,post,620000,0
r/Starfield,7,7,t3_16i5iih,0,39,193,-5,-2,0,post,620000,0
r/Starfield,4,1,t3_16i5ify,0,48,134,0,-3,0,post,620000,0
r/Starfield,0,9,t3_16i5ifn,0,86,95,2,9,0,post,620000,0
r/Starfield,4,1,t3_16i5i6n,0,23,176,0,-3,0,post,620000,0
r/Starfield,4,5,t3_16i5i6m,0,60,281,1,7,0,post,620000,0
r/Starfield,0,2,t3_16i5i25,1,27,136,5,0,0,post,620000,0
r/Starfield,2,0,t3_16i5hv5,0,27,76,0,1,0,post,620000,0
r/Starfield,0,1,t3_16i5ho7,0,42,209,3,3,0,post,620000,0
r/Starfield,1,1,t3_16i5hbz,0,31,227,6,-4,0,post,620000,0
r/Starfield,3,2,t3_16i5h6v,0,89,235,0,1,0,post,620000,0
r/Starfield,0,2,t3_16i5h0k,0,39,469,0,10,0,post,620000,0
r/Starfield,1,1,t3_16i5gqa,0,73,671,2,9,0,post,620000,0
r/Starfield,5,1,t3_16i5gj8,0,43,352,0,3,0,post,620000,0
r/Starfield,0,3,t3_16i5gi7,0,35,245,1,15,0,post,620000,0
r/Starfield,2,1,t3_16i5g35,0,61,1332,1,6,0,post,620000,0
r/Starfield,9,2,t3_16i5fxm,1,98,464,-9,6,0,post,620000,0
r/Starfield,8,0,t3_16i5fr2,1,90,136,2,0,0,post,620000,0
r/Starfield,1,3,t3_16i5fp4,1,27,241,3,0,0,post,620000,0
r/Starfield,0,3,t3_16i5foj,1,93,19,5,-84,0,post,620000,0
r/Starfield,3,2,t3_16i5fl5,1,42,136,2,0,0,post,620000,0
r/Starfield,0,2,t3_16i5f7q,0,38,115,3,7,0,post,620000,0
r/Starfield,3,1,t3_16i5f7g,0,61,3539,-3,-134,0,post,620000,0
r/Starfield,1,2,t3_16i5ex7,0,24,290,3,6,0,post,620000,0
r/Starfield,3,1,t3_16i5ekd,0,52,250,0,6,0,post,620000,0
r/Starfield,3,4,t3_16i5eik,1,70,136,6,0,0,post,620000,0
r/Starfield,0,1,t3_16i5e7m,1,29,241,0,0,0,post,620000,0
r/Starfield,1,3,t3_16i5doe,0,17,759,-1,-9,0,post,620000,0
r/Starfield,0,2,t3_16i5dmd,0,21,274,-2,12,0,post,620000,0
r/Starfield,0,1,t3_16i5dc6,1,31,241,-7,0,0,post,620000,0
r/Starfield,0,4,t3_16i5d9s,0,24,424,0,4,0,post,620000,0
r/Starfield,0,1,t3_16i5d4z,1,55,241,2,0,0,post,620000,0
r/Starfield,0,2,t3_16i5d4r,0,55,367,-5,-9,0,post,620000,0
r/Starfield,1,2,t3_16i5cu2,0,66,217,-3,-5,0,post,620000,0
r/Starfield,6,0,t3_16i5chy,0,21,618,0,-8,0,post,620000,0
r/Starfield,0,3,t3_16i5cdn,1,25,241,0,0,0,post,620000,0
r/Starfield,0,1,t3_16i5bml,0,49,562,5,0,0,post,620000,0
r/Starfield,0,1,t3_16i5awd,0,35,375,-1,-12,0,post,620000,0
r/Starfield,0,3,t3_16i5asf,1,60,19,0,-84,0,post,620000,0
r/Starfield,0,2,t3_16i5ar3,0,38,259,0,3,0,post,620000,0
r/Starfield,5,25,t3_16i5ai3,1,101,292,-6,0,0,post,620000,0
r/Starfield,4,1,t3_16i5ada,0,40,361,5,12,0,post,620000,0
r/Starfield,4,2,t3_16i59sy,1,54,241,3,0,0,post,620000,0
r/Starfield,19,4,t3_16i58lc,0,54,727,0,0,0,post,620000,0
r/Starfield,646,6957,t3_16i58jd,1,40,236,3,-2,0,post,620000,0
r/Starfield,3,5,t3_16i58g2,1,20,241,-5,0,0,post,620000,0
r/Starfield,0,1,t3_16i57lc,1,33,241,-1,0,0,post,620000,0
r/Starfield,4,1,t3_16i57c8,0,35,258,1,5,0,post,620000,0
r/Starfield,2,3,t3_16i57ao,0,29,685,-2,4,0,post,620000,0
r/Starfield,4,3,t3_16i56zq,1,37,63,0,-2,0,post,620000,0
r/Starfield,0,1,t3_16i56x0,0,44,77,2,-4,0,post,620000,0
r/Starfield,0,0,t3_16i56kj,1,24,19,0,-84,0,post,620000,0
r/Starfield,1,3,t3_16i56ij,0,85,9,-5,0,0,post,620000,0
r/Starfield,0,0,t3_16i56cj,0,92,46,6,2,0,post,620000,0
r/Starfield,1,3,t3_16i55t7,0,51,381,1,-2,0,post,620000,0
